Workbook

Sheet Instrucciones
A1: Planilla de comparación · Programa de validación de N25 Valves Sizing
A2: INSTRUMATIK S.A.S.
A4: 1. Abra en N25 Valves Sizing cada caso de la carpeta «casos» (Inicio > Abrir proyecto) y verifique que obtiene los valores de la hoja «Comparación».
A5: 2. Ingrese los mismos datos en su software de referencia (Fisher, Masoneilan, Conval, etc.). Use los mismos FL, xT y Fd, diámetros y cédulas.
A6: 3. Escriba el resultado de su software en la columna amarilla «Software de referencia». La diferencia y el estado se calculan solos.
A7: 4. Agregue sus propios casos reales en la hoja «Casos propios» (con el proyecto .valvula guardado desde N25 Valves Sizing).
A8: 5. Anote cualquier error, duda o mejora en la hoja «Hallazgos».
A9: 6. Envíe esta planilla, los proyectos .valvula y las capturas que considere útiles desde Ayuda > Enviar comentarios.
A11: Estado: «OK» si la diferencia está dentro de la tolerancia de la hoja «Tolerancias», «Revisar» si la supera.
A12: Una diferencia grande no siempre es un error: anote en «Observaciones» qué factor o propiedad usó su software.

Sheet Comparación
A1: Caso | B1: Condición | C1: Variable | D1: Unidad | E1: N25 Valves Sizing | F1: Software de referencia | G1: Nombre del software | H1: Diferencia | I1: Tolerancia | J1: Estado | K1: Observaciones
A2: Caso 1 · Líquido (IEC ej. 1) | B2: Normal | C2: Coeficiente de flujo (Cv) | E2: 190.8 | H2: =IF(F2="","",(F2-E2)/E2) | I2: =IF(Tolerancias!C2="","",Tolerancias!C2) | J2: =IF(OR(F2="",I2=""),"",IF(ABS(H2)*100<=I2,"OK","Revisar")) | K2: Norma IEC 60534-2-1 ej. 1: Kv = 165 (Cv = 190,7)
A3: Caso 1 · Líquido (IEC ej. 1) | B3: Normal | C3: ΔP para flujo estrangulado (ΔP choked) | D3: bar | E3: 4.966 | H3: =IF(F3="","",(F3-E3)/E3) | I3: =IF(Tolerancias!C4="","",Tolerancias!C4) | J3: =IF(OR(F3="",I3=""),"",IF(ABS(H3)*100<=I3,"OK","Revisar"))
A4: Caso 1 · Líquido (IEC ej. 1) | B4: Normal | C4: Factor de corrección por tuberías (Fp) | E4: 1 | H4: =IF(F4="","",(F4-E4)/E4) | I4: =IF(Tolerancias!C5="","",Tolerancias!C5) | J4: =IF(OR(F4="",I4=""),"",IF(ABS(H4)*100<=I4,"OK","Revisar"))
A5: Caso 1 · Líquido (IEC ej. 1) | B5: Normal | C5: Presión diferencial ΔP | D5: bar | E5: 4.6 | H5: =IF(F5="","",(F5-E5)/E5) | I5: =IF(Tolerancias!C6="","",Tolerancias!C6) | J5: =IF(OR(F5="",I5=""),"",IF(ABS(H5)*100<=I5,"OK","Revisar"))
A6: Caso 1 · Líquido (IEC ej. 1) | B6: Normal | C6: Apertura estimada | D6: % | E6: 81.3 | H6: =IF(F6="","",F6-E6) | I6: =IF(Tolerancias!C7="","",Tolerancias!C7) | J6: =IF(OR(F6="",I6=""),"",IF(ABS(H6)<=I6,"OK","Revisar"))
A7: Caso 1 · Líquido (IEC ej. 1) | B7: Normal | C7: Presión sonora a 1 m (LpAe,1m) | D7: dB(A) | E7: 80.3 | H7: =IF(F7="","",F7-E7) | I7: =IF(Tolerancias!C8="","",Tolerancias!C8) | J7: =IF(OR(F7="",I7=""),"",IF(ABS(H7)<=I7,"OK","Revisar"))
A8: Caso 1 · Líquido (IEC ej. 1) | B8: Normal | C8: Número de Reynolds (Rev) | E8: 2969072 | H8: =IF(F8="","",(F8-E8)/E8) | I8: =IF(Tolerancias!C13="","",Tolerancias!C13) | J8: =IF(OR(F8="",I8=""),"",IF(ABS(H8)*100<=I8,"OK","Revisar"))
A9: Caso 2 · Gas CO2 (IEC ej. 3) | B9: Normal | C9: Coeficiente de flujo (Cv) | E9: 72.54 | H9: =IF(F9="","",(F9-E9)/E9) | I9: =IF(Tolerancias!C2="","",Tolerancias!C2) | J9: =IF(OR(F9="",I9=""),"",IF(ABS(H9)*100<=I9,"OK","Revisar")) | K9: Norma IEC 60534-2-1 ej. 3: Kv = 62,7 (Cv = 72,5)
A10: Caso 2 · Gas CO2 (IEC ej. 3) | B10: Normal | C10: Factor de expansión (Y) | E10: 0.674 | H10: =IF(F10="","",(F10-E10)/E10) | I10: =IF(Tolerancias!C3="","",Tolerancias!C3) | J10: =IF(OR(F10="",I10=""),"",IF(ABS(H10)*100<=I10,"OK","Revisar")) | K10: Norma IEC 60534-2-1 ej. 3: Y = 0,674
A11: Caso 2 · Gas CO2 (IEC ej. 3) | B11: Normal | C11: ΔP para flujo estrangulado (ΔP choked) | D11: bar | E11: 3.787 | H11: =IF(F11="","",(F11-E11)/E11) | I11: =IF(Tolerancias!C4="","",Tolerancias!C4) | J11: =IF(OR(F11="",I11=""),"",IF(ABS(H11)*100<=I11,"OK","Revisar"))
A12: Caso 2 · Gas CO2 (IEC ej. 3) | B12: Normal | C12: Factor de corrección por tuberías (Fp) | E12: 1 | H12: =IF(F12="","",(F12-E12)/E12) | I12: =IF(Tolerancias!C5="","",Tolerancias!C5) | J12: =IF(OR(F12="",I12=""),"",IF(ABS(H12)*100<=I12,"OK","Revisar"))
A13: Caso 2 · Gas CO2 (IEC ej. 3) | B13: Normal | C13: Presión diferencial ΔP | D13: bar | E13: 3.7 | H13: =IF(F13="","",(F13-E13)/E13) | I13: =IF(Tolerancias!C6="","",Tolerancias!C6) | J13: =IF(OR(F13="",I13=""),"",IF(ABS(H13)*100<=I13,"OK","Revisar"))
A14: Caso 2 · Gas CO2 (IEC ej. 3) | B14: Normal | C14: Apertura estimada | D14: % | E14: 77.3 | H14: =IF(F14="","",F14-E14) | I14: =IF(Tolerancias!C7="","",Tolerancias!C7) | J14: =IF(OR(F14="",I14=""),"",IF(ABS(H14)<=I14,"OK","Revisar"))
A15: Caso 2 · Gas CO2 (IEC ej. 3) | B15: Normal | C15: Ruido de la válvula LpA a 1 m | D15: dB(A) | E15: 96.6 | H15: =IF(F15="","",F15-E15) | I15: =IF(Tolerancias!C9="","",Tolerancias!C9) | J15: =IF(OR(F15="",I15=""),"",IF(ABS(H15)<=I15,"OK","Revisar"))
A16: Caso 2 · Gas CO2 (IEC ej. 3) | B16: Normal | C16: Mach en la salida de la válvula | E16: 0.206 | H16: =IF(F16="","",(F16-E16)/E16) | I16: =IF(Tolerancias!C10="","",Tolerancias!C10) | J16: =IF(OR(F16="",I16=""),"",IF(ABS(H16)*100<=I16,"OK","Revisar"))
A17: Caso 2 · Gas CO2 (IEC ej. 3) | B17: Normal | C17: Velocidad en la salida de la válvula | D17: m/s | E17: 66.7 | H17: =IF(F17="","",(F17-E17)/E17) | I17: =IF(Tolerancias!C11="","",Tolerancias!C11) | J17: =IF(OR(F17="",I17=""),"",IF(ABS(H17)*100<=I17,"OK","Revisar"))
A18: Caso 2 · Gas CO2 (IEC ej. 3) | B18: Normal | C18: Número de Reynolds (Rev) | E18: 1915696 | H18: =IF(F18="","",(F18-E18)/E18) | I18: =IF(Tolerancias!C13="","",Tolerancias!C13) | J18: =IF(OR(F18="",I18=""),"",IF(ABS(H18)*100<=I18,"OK","Revisar"))
A19: Caso 3 · Gas natural | B19: Mínimo | C19: Coeficiente de flujo (Cv) | E19: 19.78 | H19: =IF(F19="","",(F19-E19)/E19) | I19: =IF(Tolerancias!C2="","",Tolerancias!C2) | J19: =IF(OR(F19="",I19=""),"",IF(ABS(H19)*100<=I19,"OK","Revisar"))
A20: Caso 3 · Gas natural | B20: Normal | C20: Coeficiente de flujo (Cv) | E20: 44.1 | H20: =IF(F20="","",(F20-E20)/E20) | I20: =IF(Tolerancias!C2="","",Tolerancias!C2) | J20: =IF(OR(F20="",I20=""),"",IF(ABS(H20)*100<=I20,"OK","Revisar"))
A21: Caso 3 · Gas natural | B21: Máximo | C21: Coeficiente de flujo (Cv) | E21: 65.57 | H21: =IF(F21="","",(F21-E21)/E21) | I21: =IF(Tolerancias!C2="","",Tolerancias!C2) | J21: =IF(OR(F21="",I21=""),"",IF(ABS(H21)*100<=I21,"OK","Revisar"))
A22: Caso 3 · Gas natural | B22: Mínimo | C22: Factor de expansión (Y) | E22: 0.886 | H22: =IF(F22="","",(F22-E22)/E22) | I22: =IF(Tolerancias!C3="","",Tolerancias!C3) | J22: =IF(OR(F22="",I22=""),"",IF(ABS(H22)*100<=I22,"OK","Revisar"))
A23: Caso 3 · Gas natural | B23: Normal | C23: Factor de expansión (Y) | E23: 0.808 | H23: =IF(F23="","",(F23-E23)/E23) | I23: =IF(Tolerancias!C3="","",Tolerancias!C3) | J23: =IF(OR(F23="",I23=""),"",IF(ABS(H23)*100<=I23,"OK","Revisar"))
A24: Caso 3 · Gas natural | B24: Máximo | C24: Factor de expansión (Y) | E24: 0.734 | H24: =IF(F24="","",(F24-E24)/E24) | I24: =IF(Tolerancias!C3="","",Tolerancias!C3) | J24: =IF(OR(F24="",I24=""),"",IF(ABS(H24)*100<=I24,"OK","Revisar"))
A25: Caso 3 · Gas natural | B25: Mínimo | C25: ΔP para flujo estrangulado (ΔP choked) | D25: bar | E25: 29.32 | H25: =IF(F25="","",(F25-E25)/E25) | I25: =IF(Tolerancias!C4="","",Tolerancias!C4) | J25: =IF(OR(F25="",I25=""),"",IF(ABS(H25)*100<=I25,"OK","Revisar"))
A26: Caso 3 · Gas natural | B26: Normal | C26: ΔP para flujo estrangulado (ΔP choked) | D26: bar | E26: 27.83 | H26: =IF(F26="","",(F26-E26)/E26) | I26: =IF(Tolerancias!C4="","",Tolerancias!C4) | J26: =IF(OR(F26="",I26=""),"",IF(ABS(H26)*100<=I26,"OK","Revisar"))
A27: Caso 3 · Gas natural | B27: Máximo | C27: ΔP para flujo estrangulado (ΔP choked) | D27: bar | E27: 26.34 | H27: =IF(F27="","",(F27-E27)/E27) | I27: =IF(Tolerancias!C4="","",Tolerancias!C4) | J27: =IF(OR(F27="",I27=""),"",IF(ABS(H27)*100<=I27,"OK","Revisar"))
A28: Caso 3 · Gas natural | B28: Mínimo | C28: Factor de corrección por tuberías (Fp) | E28: 0.999 | H28: =IF(F28="","",(F28-E28)/E28) | I28: =IF(Tolerancias!C5="","",Tolerancias!C5) | J28: =IF(OR(F28="",I28=""),"",IF(ABS(H28)*100<=I28,"OK","Revisar"))
A29: Caso 3 · Gas natural | B29: Normal | C29: Factor de corrección por tuberías (Fp) | E29: 0.997 | H29: =IF(F29="","",(F29-E29)/E29) | I29: =IF(Tolerancias!C5="","",Tolerancias!C5) | J29: =IF(OR(F29="",I29=""),"",IF(ABS(H29)*100<=I29,"OK","Revisar"))
A30: Caso 3 · Gas natural | B30: Máximo | C30: Factor de corrección por tuberías (Fp) | E30: 0.994 | H30: =IF(F30="","",(F30-E30)/E30) | I30: =IF(Tolerancias!C5="","",Tolerancias!C5) | J30: =IF(OR(F30="",I30=""),"",IF(ABS(H30)*100<=I30,"OK","Revisar"))
A31: Caso 3 · Gas natural | B31: Mínimo | C31: Presión diferencial ΔP | D31: bar | E31: 10 | H31: =IF(F31="","",(F31-E31)/E31) | I31: =IF(Tolerancias!C6="","",Tolerancias!C6) | J31: =IF(OR(F31="",I31=""),"",IF(ABS(H31)*100<=I31,"OK","Revisar"))
A32: Caso 3 · Gas natural | B32: Normal | C32: Presión diferencial ΔP | D32: bar | E32: 16 | H32: =IF(F32="","",(F32-E32)/E32) | I32: =IF(Tolerancias!C6="","",Tolerancias!C6) | J32: =IF(OR(F32="",I32=""),"",IF(ABS(H32)*100<=I32,"OK","Revisar"))
A33: Caso 3 · Gas natural | B33: Máximo | C33: Presión diferencial ΔP | D33: bar | E33: 21 | H33: =IF(F33="","",(F33-E33)/E33) | I33: =IF(Tolerancias!C6="","",Tolerancias!C6) | J33: =IF(OR(F33="",I33=""),"",IF(ABS(H33)*100<=I33,"OK","Revisar"))
A34: Caso 3 · Gas natural | B34: Mínimo | C34: Apertura estimada | D34: % | E34: 44.1 | H34: =IF(F34="","",F34-E34) | I34: =IF(Tolerancias!C7="","",Tolerancias!C7) | J34: =IF(OR(F34="",I34=""),"",IF(ABS(H34)<=I34,"OK","Revisar"))
A35: Caso 3 · Gas natural | B35: Normal | C35: Apertura estimada | D35: % | E35: 64.6 | H35: =IF(F35="","",F35-E35) | I35: =IF(Tolerancias!C7="","",Tolerancias!C7) | J35: =IF(OR(F35="",I35=""),"",IF(ABS(H35)<=I35,"OK","Revisar"))
A36: Caso 3 · Gas natural | B36: Máximo | C36: Apertura estimada | D36: % | E36: 74.8 | H36: =IF(F36="","",F36-E36) | I36: =IF(Tolerancias!C7="","",Tolerancias!C7) | J36: =IF(OR(F36="",I36=""),"",IF(ABS(H36)<=I36,"OK","Revisar"))
A37: Caso 3 · Gas natural | B37: Mínimo | C37: Ruido de la válvula LpA a 1 m | D37: dB(A) | E37: 88.6 | H37: =IF(F37="","",F37-E37) | I37: =IF(Tolerancias!C9="","",Tolerancias!C9) | J37: =IF(OR(F37="",I37=""),"",IF(ABS(H37)<=I37,"OK","Revisar"))
A38: Caso 3 · Gas natural | B38: Normal | C38: Ruido de la válvula LpA a 1 m | D38: dB(A) | E38: 100 | H38: =IF(F38="","",F38-E38) | I38: =IF(Tolerancias!C9="","",Tolerancias!C9) | J38: =IF(OR(F38="",I38=""),"",IF(ABS(H38)<=I38,"OK","Revisar"))
A39: Caso 3 · Gas natural | B39: Máximo | C39: Ruido de la válvula LpA a 1 m | D39: dB(A) | E39: 107 | H39: =IF(F39="","",F39-E39) | I39: =IF(Tolerancias!C9="","",Tolerancias!C9) | J39: =IF(OR(F39="",I39=""),"",IF(ABS(H39)<=I39,"OK","Revisar"))
A40: Caso 3 · Gas natural | B40: Mínimo | C40: Mach en la salida de la válvula | E40: 0.0293 | H40: =IF(F40="","",(F40-E40)/E40) | I40: =IF(Tolerancias!C10="","",Tolerancias!C10) | J40: =IF(OR(F40="",I40=""),"",IF(ABS(H40)*100<=I40,"OK","Revisar"))
A41: Caso 3 · Gas natural | B41: Normal | C41: Mach en la salida de la válvula | E41: 0.0991 | H41: =IF(F41="","",(F41-E41)/E41) | I41: =IF(Tolerancias!C10="","",Tolerancias!C10) | J41: =IF(OR(F41="",I41=""),"",IF(ABS(H41)*100<=I41,"OK","Revisar"))
A42: Caso 3 · Gas natural | B42: Máximo | C42: Mach en la salida de la válvula | E42: 0.214 | H42: =IF(F42="","",(F42-E42)/E42) | I42: =IF(Tolerancias!C10="","",Tolerancias!C10) | J42: =IF(OR(F42="",I42=""),"",IF(ABS(H42)*100<=I42,"OK","Revisar"))
A43: Caso 3 · Gas natural | B43: Mínimo | C43: Velocidad en la salida de la válvula | D43: m/s | E43: 13 | H43: =IF(F43="","",(F43-E43)/E43) | I43: =IF(Tolerancias!C11="","",Tolerancias!C11) | J43: =IF(OR(F43="",I43=""),"",IF(ABS(H43)*100<=I43,"OK","Revisar"))
A44: Caso 3 · Gas natural | B44: Normal | C44: Velocidad en la salida de la válvula | D44: m/s | E44: 43.9 | H44: =IF(F44="","",(F44-E44)/E44) | I44: =IF(Tolerancias!C11="","",Tolerancias!C11) | J44: =IF(OR(F44="",I44=""),"",IF(ABS(H44)*100<=I44,"OK","Revisar"))
A45: Caso 3 · Gas natural | B45: Máximo | C45: Velocidad en la salida de la válvula | D45: m/s | E45: 95.1 | H45: =IF(F45="","",(F45-E45)/E45) | I45: =IF(Tolerancias!C11="","",Tolerancias!C11) | J45: =IF(OR(F45="",I45=""),"",IF(ABS(H45)*100<=I45,"OK","Revisar"))
A46: Caso 3 · Gas natural | B46: Mínimo | C46: Número de Reynolds (Rev) | E46: 5503301 | H46: =IF(F46="","",(F46-E46)/E46) | I46: =IF(Tolerancias!C13="","",Tolerancias!C13) | J46: =IF(OR(F46="",I46=""),"",IF(ABS(H46)*100<=I46,"OK","Revisar"))
A47: Caso 3 · Gas natural | B47: Normal | C47: Número de Reynolds (Rev) | E47: 9249629 | H47: =IF(F47="","",(F47-E47)/E47) | I47: =IF(Tolerancias!C13="","",Tolerancias!C13) | J47: =IF(OR(F47="",I47=""),"",IF(ABS(H47)*100<=I47,"OK","Revisar"))
A48: Caso 3 · Gas natural | B48: Máximo | C48: Número de Reynolds (Rev) | E48: 11420000 | H48: =IF(F48="","",(F48-E48)/E48) | I48: =IF(Tolerancias!C13="","",Tolerancias!C13) | J48: =IF(OR(F48="",I48=""),"",IF(ABS(H48)*100<=I48,"OK","Revisar"))
A49: Caso 4 · Vapor de agua | B49: Mínimo | C49: Coeficiente de flujo (Cv) | E49: 25.03 | H49: =IF(F49="","",(F49-E49)/E49) | I49: =IF(Tolerancias!C2="","",Tolerancias!C2) | J49: =IF(OR(F49="",I49=""),"",IF(ABS(H49)*100<=I49,"OK","Revisar"))
A50: Caso 4 · Vapor de agua | B50: Normal | C50: Coeficiente de flujo (Cv) | E50: 64.34 | H50: =IF(F50="","",(F50-E50)/E50) | I50: =IF(Tolerancias!C2="","",Tolerancias!C2) | J50: =IF(OR(F50="",I50=""),"",IF(ABS(H50)*100<=I50,"OK","Revisar"))
A51: Caso 4 · Vapor de agua | B51: Máximo | C51: Coeficiente de flujo (Cv) | E51: 92.37 | H51: =IF(F51="","",(F51-E51)/E51) | I51: =IF(Tolerancias!C2="","",Tolerancias!C2) | J51: =IF(OR(F51="",I51=""),"",IF(ABS(H51)*100<=I51,"OK","Revisar"))
A52: Caso 4 · Vapor de agua | B52: Mínimo | C52: Factor de expansión (Y) | E52: 0.851 | H52: =IF(F52="","",(F52-E52)/E52) | I52: =IF(Tolerancias!C3="","",Tolerancias!C3) | J52: =IF(OR(F52="",I52=""),"",IF(ABS(H52)*100<=I52,"OK","Revisar"))
A53: Caso 4 · Vapor de agua | B53: Normal | C53: Factor de expansión (Y) | E53: 0.777 | H53: =IF(F53="","",(F53-E53)/E53) | I53: =IF(Tolerancias!C3="","",Tolerancias!C3) | J53: =IF(OR(F53="",I53=""),"",IF(ABS(H53)*100<=I53,"OK","Revisar"))
A54: Caso 4 · Vapor de agua | B54: Máximo | C54: Factor de expansión (Y) | E54: 0.7 | H54: =IF(F54="","",(F54-E54)/E54) | I54: =IF(Tolerancias!C3="","",Tolerancias!C3) | J54: =IF(OR(F54="",I54=""),"",IF(ABS(H54)*100<=I54,"OK","Revisar"))
A55: Caso 4 · Vapor de agua | B55: Mínimo | C55: ΔP para flujo estrangulado (ΔP choked) | D55: bar | E55: 8.96 | H55: =IF(F55="","",(F55-E55)/E55) | I55: =IF(Tolerancias!C4="","",Tolerancias!C4) | J55: =IF(OR(F55="",I55=""),"",IF(ABS(H55)*100<=I55,"OK","Revisar"))
A56: Caso 4 · Vapor de agua | B56: Normal | C56: ΔP para flujo estrangulado (ΔP choked) | D56: bar | E56: 8.972 | H56: =IF(F56="","",(F56-E56)/E56) | I56: =IF(Tolerancias!C4="","",Tolerancias!C4) | J56: =IF(OR(F56="",I56=""),"",IF(ABS(H56)*100<=I56,"OK","Revisar"))
A57: Caso 4 · Vapor de agua | B57: Máximo | C57: ΔP para flujo estrangulado (ΔP choked) | D57: bar | E57: 8.888 | H57: =IF(F57="","",(F57-E57)/E57) | I57: =IF(Tolerancias!C4="","",Tolerancias!C4) | J57: =IF(OR(F57="",I57=""),"",IF(ABS(H57)*100<=I57,"OK","Revisar"))
A58: Caso 4 · Vapor de agua | B58: Mínimo | C58: Factor de corrección por tuberías (Fp) | E58: 1 | H58: =IF(F58="","",(F58-E58)/E58) | I58: =IF(Tolerancias!C5="","",Tolerancias!C5) | J58: =IF(OR(F58="",I58=""),"",IF(ABS(H58)*100<=I58,"OK","Revisar"))
A59: Caso 4 · Vapor de agua | B59: Normal | C59: Factor de corrección por tuberías (Fp) | E59: 1 | H59: =IF(F59="","",(F59-E59)/E59) | I59: =IF(Tolerancias!C5="","",Tolerancias!C5) | J59: =IF(OR(F59="",I59=""),"",IF(ABS(H59)*100<=I59,"OK","Revisar"))
A60: Caso 4 · Vapor de agua | B60: Máximo | C60: Factor de corrección por tuberías (Fp) | E60: 1.01 | H60: =IF(F60="","",(F60-E60)/E60) | I60: =IF(Tolerancias!C5="","",Tolerancias!C5) | J60: =IF(OR(F60="",I60=""),"",IF(ABS(H60)*100<=I60,"OK","Revisar"))
A61: Caso 4 · Vapor de agua | B61: Mínimo | C61: Presión diferencial ΔP | D61: bar | E61: 4 | H61: =IF(F61="","",(F61-E61)/E61) | I61: =IF(Tolerancias!C6="","",Tolerancias!C6) | J61: =IF(OR(F61="",I61=""),"",IF(ABS(H61)*100<=I61,"OK","Revisar"))
A62: Caso 4 · Vapor de agua | B62: Normal | C62: Presión diferencial ΔP | D62: bar | E62: 6 | H62: =IF(F62="","",(F62-E62)/E62) | I62: =IF(Tolerancias!C6="","",Tolerancias!C6) | J62: =IF(OR(F62="",I62=""),"",IF(ABS(H62)*100<=I62,"OK","Revisar"))
A63: Caso 4 · Vapor de agua | B63: Máximo | C63: Presión diferencial ΔP | D63: bar | E63: 8 | H63: =IF(F63="","",(F63-E63)/E63) | I63: =IF(Tolerancias!C6="","",Tolerancias!C6) | J63: =IF(OR(F63="",I63=""),"",IF(ABS(H63)*100<=I63,"OK","Revisar"))
A64: Caso 4 · Vapor de agua | B64: Mínimo | C64: Apertura estimada | D64: % | E64: 50.1 | H64: =IF(F64="","",F64-E64) | I64: =IF(Tolerancias!C7="","",Tolerancias!C7) | J64: =IF(OR(F64="",I64=""),"",IF(ABS(H64)<=I64,"OK","Revisar"))
A65: Caso 4 · Vapor de agua | B65: Normal | C65: Apertura estimada | D65: % | E65: 74.3 | H65: =IF(F65="","",F65-E65) | I65: =IF(Tolerancias!C7="","",Tolerancias!C7) | J65: =IF(OR(F65="",I65=""),"",IF(ABS(H65)<=I65,"OK","Revisar"))
A66: Caso 4 · Vapor de agua | B66: Máximo | C66: Apertura estimada | D66: % | E66: 83.5 | H66: =IF(F66="","",F66-E66) | I66: =IF(Tolerancias!C7="","",Tolerancias!C7) | J66: =IF(OR(F66="",I66=""),"",IF(ABS(H66)<=I66,"OK","Revisar"))
A67: Caso 4 · Vapor de agua | B67: Mínimo | C67: Ruido de la válvula LpA a 1 m | D67: dB(A) | E67: 87.4 | H67: =IF(F67="","",F67-E67) | I67: =IF(Tolerancias!C9="","",Tolerancias!C9) | J67: =IF(OR(F67="",I67=""),"",IF(ABS(H67)<=I67,"OK","Revisar"))
A68: Caso 4 · Vapor de agua | B68: Normal | C68: Ruido de la válvula LpA a 1 m | D68: dB(A) | E68: 98.9 | H68: =IF(F68="","",F68-E68) | I68: =IF(Tolerancias!C9="","",Tolerancias!C9) | J68: =IF(OR(F68="",I68=""),"",IF(ABS(H68)<=I68,"OK","Revisar"))
A69: Caso 4 · Vapor de agua | B69: Máximo | C69: Ruido de la válvula LpA a 1 m | D69: dB(A) | E69: 105 | H69: =IF(F69="","",F69-E69) | I69: =IF(Tolerancias!C9="","",Tolerancias!C9) | J69: =IF(OR(F69="",I69=""),"",IF(ABS(H69)<=I69,"OK","Revisar"))
A70: Caso 4 · Vapor de agua | B70: Mínimo | C70: Mach en la salida de la válvula | E70: 0.0446 | H70: =IF(F70="","",(F70-E70)/E70) | I70: =IF(Tolerancias!C10="","",Tolerancias!C10) | J70: =IF(OR(F70="",I70=""),"",IF(ABS(H70)*100<=I70,"OK","Revisar"))
A71: Caso 4 · Vapor de agua | B71: Normal | C71: Mach en la salida de la válvula | E71: 0.165 | H71: =IF(F71="","",(F71-E71)/E71) | I71: =IF(Tolerancias!C10="","",Tolerancias!C10) | J71: =IF(OR(F71="",I71=""),"",IF(ABS(H71)*100<=I71,"OK","Revisar"))
A72: Caso 4 · Vapor de agua | B72: Máximo | C72: Mach en la salida de la válvula | E72: 0.345 | H72: =IF(F72="","",(F72-E72)/E72) | I72: =IF(Tolerancias!C10="","",Tolerancias!C10) | J72: =IF(OR(F72="",I72=""),"",IF(ABS(H72)*100<=I72,"OK","Revisar"))
A73: Caso 4 · Vapor de agua | B73: Mínimo | C73: Velocidad en la salida de la válvula | D73: m/s | E73: 22.4 | H73: =IF(F73="","",(F73-E73)/E73) | I73: =IF(Tolerancias!C11="","",Tolerancias!C11) | J73: =IF(OR(F73="",I73=""),"",IF(ABS(H73)*100<=I73,"OK","Revisar"))
A74: Caso 4 · Vapor de agua | B74: Normal | C74: Velocidad en la salida de la válvula | D74: m/s | E74: 90 | H74: =IF(F74="","",(F74-E74)/E74) | I74: =IF(Tolerancias!C11="","",Tolerancias!C11) | J74: =IF(OR(F74="",I74=""),"",IF(ABS(H74)*100<=I74,"OK","Revisar"))
A75: Caso 4 · Vapor de agua | B75: Máximo | C75: Velocidad en la salida de la válvula | D75: m/s | E75: 189 | H75: =IF(F75="","",(F75-E75)/E75) | I75: =IF(Tolerancias!C11="","",Tolerancias!C11) | J75: =IF(OR(F75="",I75=""),"",IF(ABS(H75)*100<=I75,"OK","Revisar"))
A76: Caso 4 · Vapor de agua | B76: Mínimo | C76: Sobrecalentamiento a P2 | D76: °C | E76: 5.15 | H76: =IF(F76="","",F76-E76) | I76: =IF(Tolerancias!C12="","",Tolerancias!C12) | J76: =IF(OR(F76="",I76=""),"",IF(ABS(H76)<=I76,"OK","Revisar"))
A77: Caso 4 · Vapor de agua | B77: Normal | C77: Sobrecalentamiento a P2 | D77: °C | E77: 74.6 | H77: =IF(F77="","",F77-E77) | I77: =IF(Tolerancias!C12="","",Tolerancias!C12) | J77: =IF(OR(F77="",I77=""),"",IF(ABS(H77)<=I77,"OK","Revisar"))
A78: Caso 4 · Vapor de agua | B78: Máximo | C78: Sobrecalentamiento a P2 | D78: °C | E78: 84 | H78: =IF(F78="","",F78-E78) | I78: =IF(Tolerancias!C12="","",Tolerancias!C12) | J78: =IF(OR(F78="",I78=""),"",IF(ABS(H78)<=I78,"OK","Revisar"))
A79: Caso 4 · Vapor de agua | B79: Mínimo | C79: Número de Reynolds (Rev) | E79: 1437640 | H79: =IF(F79="","",(F79-E79)/E79) | I79: =IF(Tolerancias!C13="","",Tolerancias!C13) | J79: =IF(OR(F79="",I79=""),"",IF(ABS(H79)*100<=I79,"OK","Revisar"))
A80: Caso 4 · Vapor de agua | B80: Normal | C80: Número de Reynolds (Rev) | E80: 2050205 | H80: =IF(F80="","",(F80-E80)/E80) | I80: =IF(Tolerancias!C13="","",Tolerancias!C13) | J80: =IF(OR(F80="",I80=""),"",IF(ABS(H80)*100<=I80,"OK","Revisar"))
A81: Caso 4 · Vapor de agua | B81: Máximo | C81: Número de Reynolds (Rev) | E81: 2576238 | H81: =IF(F81="","",(F81-E81)/E81) | I81: =IF(Tolerancias!C13="","",Tolerancias!C13) | J81: =IF(OR(F81="",I81=""),"",IF(ABS(H81)*100<=I81,"OK","Revisar"))
A82: Caso 5 · Líquido con cavitación | B82: Mínimo | C82: Coeficiente de flujo (Cv) | E82: 4.629 | H82: =IF(F82="","",(F82-E82)/E82) | I82: =IF(Tolerancias!C2="","",Tolerancias!C2) | J82: =IF(OR(F82="",I82=""),"",IF(ABS(H82)*100<=I82,"OK","Revisar"))
A83: Caso 5 · Líquido con cavitación | B83: Normal | C83: Coeficiente de flujo (Cv) | E83: 10.82 | H83: =IF(F83="","",(F83-E83)/E83) | I83: =IF(Tolerancias!C2="","",Tolerancias!C2) | J83: =IF(OR(F83="",I83=""),"",IF(ABS(H83)*100<=I83,"OK","Revisar"))
A84: Caso 5 · Líquido con cavitación | B84: Máximo | C84: Coeficiente de flujo (Cv) | E84: 14.74 | H84: =IF(F84="","",(F84-E84)/E84) | I84: =IF(Tolerancias!C2="","",Tolerancias!C2) | J84: =IF(OR(F84="",I84=""),"",IF(ABS(H84)*100<=I84,"OK","Revisar"))
A85: Caso 5 · Líquido con cavitación | B85: Mínimo | C85: ΔP para flujo estrangulado (ΔP choked) | D85: bar | E85: 23.61 | H85: =IF(F85="","",(F85-E85)/E85) | I85: =IF(Tolerancias!C4="","",Tolerancias!C4) | J85: =IF(OR(F85="",I85=""),"",IF(ABS(H85)*100<=I85,"OK","Revisar"))
A86: Caso 5 · Líquido con cavitación | B86: Normal | C86: ΔP para flujo estrangulado (ΔP choked) | D86: bar | E86: 21.97 | H86: =IF(F86="","",(F86-E86)/E86) | I86: =IF(Tolerancias!C4="","",Tolerancias!C4) | J86: =IF(OR(F86="",I86=""),"",IF(ABS(H86)*100<=I86,"OK","Revisar"))
A87: Caso 5 · Líquido con cavitación | B87: Máximo | C87: ΔP para flujo estrangulado (ΔP choked) | D87: bar | E87: 21.13 | H87: =IF(F87="","",(F87-E87)/E87) | I87: =IF(Tolerancias!C4="","",Tolerancias!C4) | J87: =IF(OR(F87="",I87=""),"",IF(ABS(H87)*100<=I87,"OK","Revisar"))
A88: Caso 5 · Líquido con cavitación | B88: Mínimo | C88: Factor de corrección por tuberías (Fp) | E88: 1 | H88: =IF(F88="","",(F88-E88)/E88) | I88: =IF(Tolerancias!C5="","",Tolerancias!C5) | J88: =IF(OR(F88="",I88=""),"",IF(ABS(H88)*100<=I88,"OK","Revisar"))
A89: Caso 5 · Líquido con cavitación | B89: Normal | C89: Factor de corrección por tuberías (Fp) | E89: 0.997 | H89: =IF(F89="","",(F89-E89)/E89) | I89: =IF(Tolerancias!C5="","",Tolerancias!C5) | J89: =IF(OR(F89="",I89=""),"",IF(ABS(H89)*100<=I89,"OK","Revisar"))
A90: Caso 5 · Líquido con cavitación | B90: Máximo | C90: Factor de corrección por tuberías (Fp) | E90: 0.995 | H90: =IF(F90="","",(F90-E90)/E90) | I90: =IF(Tolerancias!C5="","",Tolerancias!C5) | J90: =IF(OR(F90="",I90=""),"",IF(ABS(H90)*100<=I90,"OK","Revisar"))
A91: Caso 5 · Líquido con cavitación | B91: Mínimo | C91: Presión diferencial ΔP | D91: bar | E91: 25 | H91: =IF(F91="","",(F91-E91)/E91) | I91: =IF(Tolerancias!C6="","",Tolerancias!C6) | J91: =IF(OR(F91="",I91=""),"",IF(ABS(H91)*100<=I91,"OK","Revisar"))
A92: Caso 5 · Líquido con cavitación | B92: Normal | C92: Presión diferencial ΔP | D92: bar | E92: 25 | H92: =IF(F92="","",(F92-E92)/E92) | I92: =IF(Tolerancias!C6="","",Tolerancias!C6) | J92: =IF(OR(F92="",I92=""),"",IF(ABS(H92)*100<=I92,"OK","Revisar"))
A93: Caso 5 · Líquido con cavitación | B93: Máximo | C93: Presión diferencial ΔP | D93: bar | E93: 25 | H93: =IF(F93="","",(F93-E93)/E93) | I93: =IF(Tolerancias!C6="","",Tolerancias!C6) | J93: =IF(OR(F93="",I93=""),"",IF(ABS(H93)*100<=I93,"OK","Revisar"))
A94: Caso 5 · Líquido con cavitación | B94: Mínimo | C94: Apertura estimada | D94: % | E94: 42.4 | H94: =IF(F94="","",F94-E94) | I94: =IF(Tolerancias!C7="","",Tolerancias!C7) | J94: =IF(OR(F94="",I94=""),"",IF(ABS(H94)<=I94,"OK","Revisar"))
A95: Caso 5 · Líquido con cavitación | B95: Normal | C95: Apertura estimada | D95: % | E95: 64.1 | H95: =IF(F95="","",F95-E95) | I95: =IF(Tolerancias!C7="","",Tolerancias!C7) | J95: =IF(OR(F95="",I95=""),"",IF(ABS(H95)<=I95,"OK","Revisar"))
A96: Caso 5 · Líquido con cavitación | B96: Máximo | C96: Apertura estimada | D96: % | E96: 72 | H96: =IF(F96="","",F96-E96) | I96: =IF(Tolerancias!C7="","",Tolerancias!C7) | J96: =IF(OR(F96="",I96=""),"",IF(ABS(H96)<=I96,"OK","Revisar"))
A97: Caso 5 · Líquido con cavitación | B97: Mínimo | C97: Presión sonora a 1 m (LpAe,1m) | D97: dB(A) | E97: 77.6 | H97: =IF(F97="","",F97-E97) | I97: =IF(Tolerancias!C8="","",Tolerancias!C8) | J97: =IF(OR(F97="",I97=""),"",IF(ABS(H97)<=I97,"OK","Revisar"))
A98: Caso 5 · Líquido con cavitación | B98: Normal | C98: Presión sonora a 1 m (LpAe,1m) | D98: dB(A) | E98: 79.4 | H98: =IF(F98="","",F98-E98) | I98: =IF(Tolerancias!C8="","",Tolerancias!C8) | J98: =IF(OR(F98="",I98=""),"",IF(ABS(H98)<=I98,"OK","Revisar"))
A99: Caso 5 · Líquido con cavitación | B99: Máximo | C99: Presión sonora a 1 m (LpAe,1m) | D99: dB(A) | E99: 76.6 | H99: =IF(F99="","",F99-E99) | I99: =IF(Tolerancias!C8="","",Tolerancias!C8) | J99: =IF(OR(F99="",I99=""),"",IF(ABS(H99)<=I99,"OK","Revisar"))
A100: Caso 5 · Líquido con cavitación | B100: Mínimo | C100: Número de Reynolds (Rev) | E100: 1390323 | H100: =IF(F100="","",(F100-E100)/E100) | I100: =IF(Tolerancias!C13="","",Tolerancias!C13) | J100: =IF(OR(F100="",I100=""),"",IF(ABS(H100)*100<=I100,"OK","Revisar"))
...

Sheet Tolerancias
A1: Clave | B1: Variable | C1: Tolerancia | D1: Unidad | E1: Comentario
A2: Cv | B2: Coeficiente de flujo Cv | C2: 2 | D2: % | E2: Con los mismos FL, xT, Fd y diámetros.
A3: Y | B3: Factor de expansión Y | C3: 1 | D3: % | E3: Gas, vapor y steam.
A4: dPchoked | B4: ΔP de flujo estrangulado | C4: 2 | D4: %
A5: FP | B5: Factor de tuberías Fp | C5: 1 | D5: % | E5: Con reductores la norma itera; hasta 1 % es normal.
A6: dP | B6: Presión diferencial | C6: 0.5 | D6: % | E6: Debe coincidir: es dato de entrada.
A7: apertura | B7: Apertura estimada | C7: 5 | D7: puntos | E7: Depende de la curva de cada fabricante; informativa.
A8: Lp | B8: Ruido LpA a 1 m (líquido) | C8: 3 | D8: dB | E8: IEC 60534-8-4; entre implementaciones 1 a 3 dB es normal.
A9: Lp_g | B9: Ruido LpA a 1 m (gas) | C9: 3 | D9: dB | E9: IEC 60534-8-3; verificar que el otro software use la misma norma.
A10: Ma_valvula | B10: Mach en la salida de la válvula | C10: 5 | D10: % | E10: Depende del área de salida considerada.
A11: v_valvula | B11: Velocidad en la salida de la válvula | C11: 5 | D11: %
A12: sobrecalentamiento2 | B12: Sobrecalentamiento a P2 | C12: 2 | D12: °C | E12: Steam (IAPWS-95).
A13: Rev | B13: Número de Reynolds | E13: Informativo: cada software usa una convención; no cambia el Cv si Rev > 10 000.

Sheet Casos propios
A1: Caso / tag | B1: Fluido | C1: Condición | D1: Variable | E1: Unidad | F1: N25 Valves Sizing | G1: Software de referencia | H1: Nombre del software | I1: Diferencia % | J1: Archivo .valvula | K1: Observaciones
I2: =IF(OR(F2="",G2=""),"",(G2-F2)/F2)
I3: =IF(OR(F3="",G3=""),"",(G3-F3)/F3)
I4: =IF(OR(F4="",G4=""),"",(G4-F4)/F4)
I5: =IF(OR(F5="",G5=""),"",(G5-F5)/F5)
I6: =IF(OR(F6="",G6=""),"",(G6-F6)/F6)
I7: =IF(OR(F7="",G7=""),"",(G7-F7)/F7)
I8: =IF(OR(F8="",G8=""),"",(G8-F8)/F8)
I9: =IF(OR(F9="",G9=""),"",(G9-F9)/F9)
I10: =IF(OR(F10="",G10=""),"",(G10-F10)/F10)
I11: =IF(OR(F11="",G11=""),"",(G11-F11)/F11)
I12: =IF(OR(F12="",G12=""),"",(G12-F12)/F12)
I13: =IF(OR(F13="",G13=""),"",(G13-F13)/F13)
... I101: =IF(OR(F101="",G101=""),"",(G101-F101)/F101)

Sheet Hallazgos
A1: N° | B1: Fecha | C1: Tipo | D1: Pantalla o documento | E1: Descripción | F1: Cómo reproducirlo | G1: Gravedad | H1: Captura / archivo
A2: 1
A3: 2
A4: 3
A5: 4
A6: 5
A7: 6
A8: 7
A9: 8
A10: 9
A11: 10
A12: 11
A13: 12
... A51: 50
