Workbook

Sheet Instrucciones
A1: Planilla de comparación · Workshop N25 Valves Sizing (24/10/2026)
A2: INSTRUMATIK S.A.S.
A4: 1. Abra en N25 Valves Sizing cada caso de la carpeta «2_Casos_del_workshop» (Inicio > Abrir proyecto) y verifique que obtiene los valores de la hoja «Comparación».
A5: 2. Ingrese los mismos datos en su software de referencia (Fisher, Masoneilan, Conval, etc.). Use los mismos FL, xT y Fd, diámetros y cédulas.
A6: 3. Escriba el resultado de su software en la columna amarilla «Software de referencia». La diferencia y el estado se calculan solos.
A7: 4. Agregue sus propios casos reales en la hoja «Casos propios» (con el proyecto .valvula guardado desde N25 Valves Sizing).
A8: 5. Anote cualquier error, duda o mejora en la hoja «Hallazgos».
A9: 6. Envíe esta planilla, los proyectos .valvula y las capturas que considere útiles desde Ayuda > Enviar comentarios.
A11: Estado: «OK» si la diferencia está dentro de la tolerancia de la hoja «Tolerancias», «Revisar» si la supera.
A12: Una diferencia grande no siempre es un error: anote en «Observaciones» qué factor o propiedad usó su software.

Sheet Comparación
A1: Caso | B1: Condición | C1: Variable | D1: Unidad | E1: N25 Valves Sizing | F1: Software de referencia | G1: Nombre del software | H1: Diferencia | I1: Tolerancia | J1: Estado | K1: Observaciones
A2: Caso A · Baja · Agua de enfriamiento | B2: Mínimo | C2: Coeficiente de flujo (Cv) | E2: 445.6 | H2: =IF(F2="","",(F2-E2)/E2) | I2: =IF(Tolerancias!C2="","",Tolerancias!C2) | J2: =IF(OR(F2="",I2=""),"",IF(ABS(H2)*100<=I2,"OK","Revisar"))
A3: Caso A · Baja · Agua de enfriamiento | B3: Normal | C3: Coeficiente de flujo (Cv) | E3: 679.1 | H3: =IF(F3="","",(F3-E3)/E3) | I3: =IF(Tolerancias!C2="","",Tolerancias!C2) | J3: =IF(OR(F3="",I3=""),"",IF(ABS(H3)*100<=I3,"OK","Revisar"))
A4: Caso A · Baja · Agua de enfriamiento | B4: Máximo | C4: Coeficiente de flujo (Cv) | E4: 1046 | H4: =IF(F4="","",(F4-E4)/E4) | I4: =IF(Tolerancias!C2="","",Tolerancias!C2) | J4: =IF(OR(F4="",I4=""),"",IF(ABS(H4)*100<=I4,"OK","Revisar"))
A5: Caso A · Baja · Agua de enfriamiento | B5: Mínimo | C5: ΔP crítica de flujo estrangulado (ΔP choked) | D5: bar | E5: 2.504 | H5: =IF(F5="","",(F5-E5)/E5) | I5: =IF(Tolerancias!C4="","",Tolerancias!C4) | J5: =IF(OR(F5="",I5=""),"",IF(ABS(H5)*100<=I5,"OK","Revisar"))
A6: Caso A · Baja · Agua de enfriamiento | B6: Normal | C6: ΔP crítica de flujo estrangulado (ΔP choked) | D6: bar | E6: 2.374 | H6: =IF(F6="","",(F6-E6)/E6) | I6: =IF(Tolerancias!C4="","",Tolerancias!C4) | J6: =IF(OR(F6="",I6=""),"",IF(ABS(H6)*100<=I6,"OK","Revisar"))
A7: Caso A · Baja · Agua de enfriamiento | B7: Máximo | C7: ΔP crítica de flujo estrangulado (ΔP choked) | D7: bar | E7: 2.201 | H7: =IF(F7="","",(F7-E7)/E7) | I7: =IF(Tolerancias!C4="","",Tolerancias!C4) | J7: =IF(OR(F7="",I7=""),"",IF(ABS(H7)*100<=I7,"OK","Revisar"))
A8: Caso A · Baja · Agua de enfriamiento | B8: Mínimo | C8: Factor de corrección por tuberías (Fp) | E8: 0.988 | H8: =IF(F8="","",(F8-E8)/E8) | I8: =IF(Tolerancias!C5="","",Tolerancias!C5) | J8: =IF(OR(F8="",I8=""),"",IF(ABS(H8)*100<=I8,"OK","Revisar"))
A9: Caso A · Baja · Agua de enfriamiento | B9: Normal | C9: Factor de corrección por tuberías (Fp) | E9: 0.972 | H9: =IF(F9="","",(F9-E9)/E9) | I9: =IF(Tolerancias!C5="","",Tolerancias!C5) | J9: =IF(OR(F9="",I9=""),"",IF(ABS(H9)*100<=I9,"OK","Revisar"))
A10: Caso A · Baja · Agua de enfriamiento | B10: Máximo | C10: Factor de corrección por tuberías (Fp) | E10: 0.937 | H10: =IF(F10="","",(F10-E10)/E10) | I10: =IF(Tolerancias!C5="","",Tolerancias!C5) | J10: =IF(OR(F10="",I10=""),"",IF(ABS(H10)*100<=I10,"OK","Revisar"))
A11: Caso A · Baja · Agua de enfriamiento | B11: Mínimo | C11: Presión diferencial ΔP | D11: bar | E11: 1.1 | H11: =IF(F11="","",(F11-E11)/E11) | I11: =IF(Tolerancias!C6="","",Tolerancias!C6) | J11: =IF(OR(F11="",I11=""),"",IF(ABS(H11)*100<=I11,"OK","Revisar"))
A12: Caso A · Baja · Agua de enfriamiento | B12: Normal | C12: Presión diferencial ΔP | D12: bar | E12: 1.1 | H12: =IF(F12="","",(F12-E12)/E12) | I12: =IF(Tolerancias!C6="","",Tolerancias!C6) | J12: =IF(OR(F12="",I12=""),"",IF(ABS(H12)*100<=I12,"OK","Revisar"))
A13: Caso A · Baja · Agua de enfriamiento | B13: Máximo | C13: Presión diferencial ΔP | D13: bar | E13: 1 | H13: =IF(F13="","",(F13-E13)/E13) | I13: =IF(Tolerancias!C6="","",Tolerancias!C6) | J13: =IF(OR(F13="",I13=""),"",IF(ABS(H13)*100<=I13,"OK","Revisar"))
A14: Caso A · Baja · Agua de enfriamiento | B14: Tight Shutoff | C14: Presión diferencial ΔP | D14: bar | E14: 6.8 | H14: =IF(F14="","",(F14-E14)/E14) | I14: =IF(Tolerancias!C6="","",Tolerancias!C6) | J14: =IF(OR(F14="",I14=""),"",IF(ABS(H14)*100<=I14,"OK","Revisar"))
A15: Caso A · Baja · Agua de enfriamiento | B15: Mínimo | C15: Apertura estimada | D15: % | E15: 57.1 | H15: =IF(F15="","",F15-E15) | I15: =IF(Tolerancias!C7="","",Tolerancias!C7) | J15: =IF(OR(F15="",I15=""),"",IF(ABS(H15)<=I15,"OK","Revisar"))
A16: Caso A · Baja · Agua de enfriamiento | B16: Normal | C16: Apertura estimada | D16: % | E16: 69.4 | H16: =IF(F16="","",F16-E16) | I16: =IF(Tolerancias!C7="","",Tolerancias!C7) | J16: =IF(OR(F16="",I16=""),"",IF(ABS(H16)<=I16,"OK","Revisar"))
A17: Caso A · Baja · Agua de enfriamiento | B17: Máximo | C17: Apertura estimada | D17: % | E17: 82.1 | H17: =IF(F17="","",F17-E17) | I17: =IF(Tolerancias!C7="","",Tolerancias!C7) | J17: =IF(OR(F17="",I17=""),"",IF(ABS(H17)<=I17,"OK","Revisar"))
A18: Caso A · Baja · Agua de enfriamiento | B18: Mínimo | C18: Presión sonora a 1 m (LpAe,1m) | D18: dB(A) | E18: 59.7 | H18: =IF(F18="","",F18-E18) | I18: =IF(Tolerancias!C8="","",Tolerancias!C8) | J18: =IF(OR(F18="",I18=""),"",IF(ABS(H18)<=I18,"OK","Revisar"))
A19: Caso A · Baja · Agua de enfriamiento | B19: Normal | C19: Presión sonora a 1 m (LpAe,1m) | D19: dB(A) | E19: 64.4 | H19: =IF(F19="","",F19-E19) | I19: =IF(Tolerancias!C8="","",Tolerancias!C8) | J19: =IF(OR(F19="",I19=""),"",IF(ABS(H19)<=I19,"OK","Revisar"))
A20: Caso A · Baja · Agua de enfriamiento | B20: Máximo | C20: Presión sonora a 1 m (LpAe,1m) | D20: dB(A) | E20: 67.9 | H20: =IF(F20="","",F20-E20) | I20: =IF(Tolerancias!C8="","",Tolerancias!C8) | J20: =IF(OR(F20="",I20=""),"",IF(ABS(H20)<=I20,"OK","Revisar"))
A21: Caso A · Baja · Agua de enfriamiento | B21: Mínimo | C21: Coef. cavitación de la aplicación (Kapp) | E21: 0.198 | H21: =IF(F21="","",(F21-E21)/E21) | I21: =IF(Tolerancias!C13="","",Tolerancias!C13) | J21: =IF(OR(F21="",I21=""),"",IF(ABS(H21)*100<=I21,"OK","Revisar"))
A22: Caso A · Baja · Agua de enfriamiento | B22: Normal | C22: Coef. cavitación de la aplicación (Kapp) | E22: 0.209 | H22: =IF(F22="","",(F22-E22)/E22) | I22: =IF(Tolerancias!C13="","",Tolerancias!C13) | J22: =IF(OR(F22="",I22=""),"",IF(ABS(H22)*100<=I22,"OK","Revisar"))
A23: Caso A · Baja · Agua de enfriamiento | B23: Máximo | C23: Coef. cavitación de la aplicación (Kapp) | E23: 0.206 | H23: =IF(F23="","",(F23-E23)/E23) | I23: =IF(Tolerancias!C13="","",Tolerancias!C13) | J23: =IF(OR(F23="",I23=""),"",IF(ABS(H23)*100<=I23,"OK","Revisar"))
A24: Caso A · Baja · Agua de enfriamiento | B24: Mínimo | C24: Inicio de cavitación incipiente (xFzp1) | E24: 0.14 | H24: =IF(F24="","",(F24-E24)/E24) | I24: =IF(Tolerancias!C14="","",Tolerancias!C14) | J24: =IF(OR(F24="",I24=""),"",IF(ABS(H24)*100<=I24,"OK","Revisar"))
A25: Caso A · Baja · Agua de enfriamiento | B25: Normal | C25: Inicio de cavitación incipiente (xFzp1) | E25: 0.128 | H25: =IF(F25="","",(F25-E25)/E25) | I25: =IF(Tolerancias!C14="","",Tolerancias!C14) | J25: =IF(OR(F25="",I25=""),"",IF(ABS(H25)*100<=I25,"OK","Revisar"))
A26: Caso A · Baja · Agua de enfriamiento | B26: Máximo | C26: Inicio de cavitación incipiente (xFzp1) | E26: 0.116 | H26: =IF(F26="","",(F26-E26)/E26) | I26: =IF(Tolerancias!C14="","",Tolerancias!C14) | J26: =IF(OR(F26="",I26=""),"",IF(ABS(H26)*100<=I26,"OK","Revisar"))
A27: Caso A · Baja · Agua de enfriamiento | B27: Mínimo | C27: Factor de recuperación combinado (FLp) | E27: 0.662 | H27: =IF(F27="","",(F27-E27)/E27) | I27: =IF(Tolerancias!C15="","",Tolerancias!C15) | J27: =IF(OR(F27="",I27=""),"",IF(ABS(H27)*100<=I27,"OK","Revisar"))
A28: Caso A · Baja · Agua de enfriamiento | B28: Normal | C28: Factor de recuperación combinado (FLp) | E28: 0.653 | H28: =IF(F28="","",(F28-E28)/E28) | I28: =IF(Tolerancias!C15="","",Tolerancias!C15) | J28: =IF(OR(F28="",I28=""),"",IF(ABS(H28)*100<=I28,"OK","Revisar"))
A29: Caso A · Baja · Agua de enfriamiento | B29: Máximo | C29: Factor de recuperación combinado (FLp) | E29: 0.631 | H29: =IF(F29="","",(F29-E29)/E29) | I29: =IF(Tolerancias!C15="","",Tolerancias!C15) | J29: =IF(OR(F29="",I29=""),"",IF(ABS(H29)*100<=I29,"OK","Revisar"))
A30: Caso A · Baja · Agua de enfriamiento | B30: Mínimo | C30: ΔP para cavitación (ΔP cav) | D30: bar | E30: 1.948 | H30: =IF(F30="","",(F30-E30)/E30) | I30: =IF(Tolerancias!C16="","",Tolerancias!C16) | J30: =IF(OR(F30="",I30=""),"",IF(ABS(H30)*100<=I30,"OK","Revisar"))
A31: Caso A · Baja · Agua de enfriamiento | B31: Normal | C31: ΔP para cavitación (ΔP cav) | D31: bar | E31: 1.843 | H31: =IF(F31="","",(F31-E31)/E31) | I31: =IF(Tolerancias!C16="","",Tolerancias!C16) | J31: =IF(OR(F31="",I31=""),"",IF(ABS(H31)*100<=I31,"OK","Revisar"))
A32: Caso A · Baja · Agua de enfriamiento | B32: Máximo | C32: ΔP para cavitación (ΔP cav) | D32: bar | E32: 1.7 | H32: =IF(F32="","",(F32-E32)/E32) | I32: =IF(Tolerancias!C16="","",Tolerancias!C16) | J32: =IF(OR(F32="",I32=""),"",IF(ABS(H32)*100<=I32,"OK","Revisar"))
A33: Caso A · Baja · Agua de enfriamiento | B33: Mínimo | C33: Densidad de entrada ρ1 | D33: kg/m³ | E33: 995.2 | H33: =IF(F33="","",(F33-E33)/E33) | I33: =IF(Tolerancias!C17="","",Tolerancias!C17) | J33: =IF(OR(F33="",I33=""),"",IF(ABS(H33)*100<=I33,"OK","Revisar"))
A34: Caso A · Baja · Agua de enfriamiento | B34: Normal | C34: Densidad de entrada ρ1 | D34: kg/m³ | E34: 995.2 | H34: =IF(F34="","",(F34-E34)/E34) | I34: =IF(Tolerancias!C17="","",Tolerancias!C17) | J34: =IF(OR(F34="",I34=""),"",IF(ABS(H34)*100<=I34,"OK","Revisar"))
A35: Caso A · Baja · Agua de enfriamiento | B35: Máximo | C35: Densidad de entrada ρ1 | D35: kg/m³ | E35: 994.2 | H35: =IF(F35="","",(F35-E35)/E35) | I35: =IF(Tolerancias!C17="","",Tolerancias!C17) | J35: =IF(OR(F35="",I35=""),"",IF(ABS(H35)*100<=I35,"OK","Revisar"))
A36: Caso A · Baja · Agua de enfriamiento | B36: Mínimo | C36: Velocidad del fluido aguas arriba | D36: m/s | E36: 1.52 | H36: =IF(F36="","",(F36-E36)/E36) | I36: =IF(Tolerancias!C20="","",Tolerancias!C20) | J36: =IF(OR(F36="",I36=""),"",IF(ABS(H36)*100<=I36,"OK","Revisar"))
A37: Caso A · Baja · Agua de enfriamiento | B37: Normal | C37: Velocidad del fluido aguas arriba | D37: m/s | E37: 2.29 | H37: =IF(F37="","",(F37-E37)/E37) | I37: =IF(Tolerancias!C20="","",Tolerancias!C20) | J37: =IF(OR(F37="",I37=""),"",IF(ABS(H37)*100<=I37,"OK","Revisar"))
A38: Caso A · Baja · Agua de enfriamiento | B38: Máximo | C38: Velocidad del fluido aguas arriba | D38: m/s | E38: 3.24 | H38: =IF(F38="","",(F38-E38)/E38) | I38: =IF(Tolerancias!C20="","",Tolerancias!C20) | J38: =IF(OR(F38="",I38=""),"",IF(ABS(H38)*100<=I38,"OK","Revisar"))
A39: Caso A · Baja · Agua de enfriamiento | B39: Mínimo | C39: Velocidad del fluido aguas abajo | D39: m/s | E39: 1.52 | H39: =IF(F39="","",(F39-E39)/E39) | I39: =IF(Tolerancias!C21="","",Tolerancias!C21) | J39: =IF(OR(F39="",I39=""),"",IF(ABS(H39)*100<=I39,"OK","Revisar"))
A40: Caso A · Baja · Agua de enfriamiento | B40: Normal | C40: Velocidad del fluido aguas abajo | D40: m/s | E40: 2.29 | H40: =IF(F40="","",(F40-E40)/E40) | I40: =IF(Tolerancias!C21="","",Tolerancias!C21) | J40: =IF(OR(F40="",I40=""),"",IF(ABS(H40)*100<=I40,"OK","Revisar"))
A41: Caso A · Baja · Agua de enfriamiento | B41: Máximo | C41: Velocidad del fluido aguas abajo | D41: m/s | E41: 3.24 | H41: =IF(F41="","",(F41-E41)/E41) | I41: =IF(Tolerancias!C21="","",Tolerancias!C21) | J41: =IF(OR(F41="",I41=""),"",IF(ABS(H41)*100<=I41,"OK","Revisar"))
A42: Caso A · Baja · Agua de enfriamiento | B42: Mínimo | C42: Número de Reynolds (Rev) | E42: 1307595 | H42: =IF(F42="","",(F42-E42)/E42) | I42: =IF(Tolerancias!C23="","",Tolerancias!C23) | J42: =IF(OR(F42="",I42=""),"",IF(ABS(H42)*100<=I42,"OK","Revisar"))
A43: Caso A · Baja · Agua de enfriamiento | B43: Normal | C43: Número de Reynolds (Rev) | E43: 1591217 | H43: =IF(F43="","",(F43-E43)/E43) | I43: =IF(Tolerancias!C23="","",Tolerancias!C23) | J43: =IF(OR(F43="",I43=""),"",IF(ABS(H43)*100<=I43,"OK","Revisar"))
A44: Caso A · Baja · Agua de enfriamiento | B44: Máximo | C44: Número de Reynolds (Rev) | E44: 1935933 | H44: =IF(F44="","",(F44-E44)/E44) | I44: =IF(Tolerancias!C23="","",Tolerancias!C23) | J44: =IF(OR(F44="",I44=""),"",IF(ABS(H44)*100<=I44,"OK","Revisar"))
A45: Caso B · Media · Vapor sobrecalentado | B45: Mínimo | C45: Coeficiente de flujo (Cv) | E45: 22.3 | H45: =IF(F45="","",(F45-E45)/E45) | I45: =IF(Tolerancias!C2="","",Tolerancias!C2) | J45: =IF(OR(F45="",I45=""),"",IF(ABS(H45)*100<=I45,"OK","Revisar"))
A46: Caso B · Media · Vapor sobrecalentado | B46: Normal | C46: Coeficiente de flujo (Cv) | E46: 34.6 | H46: =IF(F46="","",(F46-E46)/E46) | I46: =IF(Tolerancias!C2="","",Tolerancias!C2) | J46: =IF(OR(F46="",I46=""),"",IF(ABS(H46)*100<=I46,"OK","Revisar"))
A47: Caso B · Media · Vapor sobrecalentado | B47: Máximo | C47: Coeficiente de flujo (Cv) | E47: 54.05 | H47: =IF(F47="","",(F47-E47)/E47) | I47: =IF(Tolerancias!C2="","",Tolerancias!C2) | J47: =IF(OR(F47="",I47=""),"",IF(ABS(H47)*100<=I47,"OK","Revisar"))
A48: Caso B · Media · Vapor sobrecalentado | B48: Mínimo | C48: Factor de expansión (Y) | E48: 0.758 | H48: =IF(F48="","",(F48-E48)/E48) | I48: =IF(Tolerancias!C3="","",Tolerancias!C3) | J48: =IF(OR(F48="",I48=""),"",IF(ABS(H48)*100<=I48,"OK","Revisar"))
A49: Caso B · Media · Vapor sobrecalentado | B49: Normal | C49: Factor de expansión (Y) | E49: 0.764 | H49: =IF(F49="","",(F49-E49)/E49) | I49: =IF(Tolerancias!C3="","",Tolerancias!C3) | J49: =IF(OR(F49="",I49=""),"",IF(ABS(H49)*100<=I49,"OK","Revisar"))
A50: Caso B · Media · Vapor sobrecalentado | B50: Máximo | C50: Factor de expansión (Y) | E50: 0.771 | H50: =IF(F50="","",(F50-E50)/E50) | I50: =IF(Tolerancias!C3="","",Tolerancias!C3) | J50: =IF(OR(F50="",I50=""),"",IF(ABS(H50)*100<=I50,"OK","Revisar"))
A51: Caso B · Media · Vapor sobrecalentado | B51: Mínimo | C51: ΔP crítica de flujo estrangulado (ΔP choked) | D51: bar | E51: 28.95 | H51: =IF(F51="","",(F51-E51)/E51) | I51: =IF(Tolerancias!C4="","",Tolerancias!C4) | J51: =IF(OR(F51="",I51=""),"",IF(ABS(H51)*100<=I51,"OK","Revisar"))
A52: Caso B · Media · Vapor sobrecalentado | B52: Normal | C52: ΔP crítica de flujo estrangulado (ΔP choked) | D52: bar | E52: 28.3 | H52: =IF(F52="","",(F52-E52)/E52) | I52: =IF(Tolerancias!C4="","",Tolerancias!C4) | J52: =IF(OR(F52="",I52=""),"",IF(ABS(H52)*100<=I52,"OK","Revisar"))
A53: Caso B · Media · Vapor sobrecalentado | B53: Máximo | C53: ΔP crítica de flujo estrangulado (ΔP choked) | D53: bar | E53: 27.71 | H53: =IF(F53="","",(F53-E53)/E53) | I53: =IF(Tolerancias!C4="","",Tolerancias!C4) | J53: =IF(OR(F53="",I53=""),"",IF(ABS(H53)*100<=I53,"OK","Revisar"))
A54: Caso B · Media · Vapor sobrecalentado | B54: Mínimo | C54: Factor de corrección por tuberías (Fp) | E54: 0.997 | H54: =IF(F54="","",(F54-E54)/E54) | I54: =IF(Tolerancias!C5="","",Tolerancias!C5) | J54: =IF(OR(F54="",I54=""),"",IF(ABS(H54)*100<=I54,"OK","Revisar"))
A55: Caso B · Media · Vapor sobrecalentado | B55: Normal | C55: Factor de corrección por tuberías (Fp) | E55: 0.992 | H55: =IF(F55="","",(F55-E55)/E55) | I55: =IF(Tolerancias!C5="","",Tolerancias!C5) | J55: =IF(OR(F55="",I55=""),"",IF(ABS(H55)*100<=I55,"OK","Revisar"))
A56: Caso B · Media · Vapor sobrecalentado | B56: Máximo | C56: Factor de corrección por tuberías (Fp) | E56: 0.981 | H56: =IF(F56="","",(F56-E56)/E56) | I56: =IF(Tolerancias!C5="","",Tolerancias!C5) | J56: =IF(OR(F56="",I56=""),"",IF(ABS(H56)*100<=I56,"OK","Revisar"))
A57: Caso B · Media · Vapor sobrecalentado | B57: Mínimo | C57: Presión diferencial ΔP | D57: bar | E57: 21 | H57: =IF(F57="","",(F57-E57)/E57) | I57: =IF(Tolerancias!C6="","",Tolerancias!C6) | J57: =IF(OR(F57="",I57=""),"",IF(ABS(H57)*100<=I57,"OK","Revisar"))
A58: Caso B · Media · Vapor sobrecalentado | B58: Normal | C58: Presión diferencial ΔP | D58: bar | E58: 20 | H58: =IF(F58="","",(F58-E58)/E58) | I58: =IF(Tolerancias!C6="","",Tolerancias!C6) | J58: =IF(OR(F58="",I58=""),"",IF(ABS(H58)*100<=I58,"OK","Revisar"))
A59: Caso B · Media · Vapor sobrecalentado | B59: Máximo | C59: Presión diferencial ΔP | D59: bar | E59: 19 | H59: =IF(F59="","",(F59-E59)/E59) | I59: =IF(Tolerancias!C6="","",Tolerancias!C6) | J59: =IF(OR(F59="",I59=""),"",IF(ABS(H59)*100<=I59,"OK","Revisar"))
A60: Caso B · Media · Vapor sobrecalentado | B60: Tight Shutoff | C60: Presión diferencial ΔP | D60: bar | E60: 43 | H60: =IF(F60="","",(F60-E60)/E60) | I60: =IF(Tolerancias!C6="","",Tolerancias!C6) | J60: =IF(OR(F60="",I60=""),"",IF(ABS(H60)*100<=I60,"OK","Revisar"))
A61: Caso B · Media · Vapor sobrecalentado | B61: Mínimo | C61: Apertura estimada | D61: % | E61: 14 | H61: =IF(F61="","",F61-E61) | I61: =IF(Tolerancias!C7="","",Tolerancias!C7) | J61: =IF(OR(F61="",I61=""),"",IF(ABS(H61)<=I61,"OK","Revisar"))
A62: Caso B · Media · Vapor sobrecalentado | B62: Normal | C62: Apertura estimada | D62: % | E62: 22.8 | H62: =IF(F62="","",F62-E62) | I62: =IF(Tolerancias!C7="","",Tolerancias!C7) | J62: =IF(OR(F62="",I62=""),"",IF(ABS(H62)<=I62,"OK","Revisar"))
A63: Caso B · Media · Vapor sobrecalentado | B63: Máximo | C63: Apertura estimada | D63: % | E63: 36.8 | H63: =IF(F63="","",F63-E63) | I63: =IF(Tolerancias!C7="","",Tolerancias!C7) | J63: =IF(OR(F63="",I63=""),"",IF(ABS(H63)<=I63,"OK","Revisar"))
A64: Caso B · Media · Vapor sobrecalentado | B64: Mínimo | C64: Ruido de la válvula LpA a 1 m | D64: dB(A) | E64: 97.7 | H64: =IF(F64="","",F64-E64) | I64: =IF(Tolerancias!C9="","",Tolerancias!C9) | J64: =IF(OR(F64="",I64=""),"",IF(ABS(H64)<=I64,"OK","Revisar"))
A65: Caso B · Media · Vapor sobrecalentado | B65: Normal | C65: Ruido de la válvula LpA a 1 m | D65: dB(A) | E65: 100 | H65: =IF(F65="","",F65-E65) | I65: =IF(Tolerancias!C9="","",Tolerancias!C9) | J65: =IF(OR(F65="",I65=""),"",IF(ABS(H65)<=I65,"OK","Revisar"))
A66: Caso B · Media · Vapor sobrecalentado | B66: Máximo | C66: Ruido de la válvula LpA a 1 m | D66: dB(A) | E66: 103 | H66: =IF(F66="","",F66-E66) | I66: =IF(Tolerancias!C9="","",Tolerancias!C9) | J66: =IF(OR(F66="",I66=""),"",IF(ABS(H66)<=I66,"OK","Revisar"))
A67: Caso B · Media · Vapor sobrecalentado | B67: Mínimo | C67: Mach en la salida de la válvula | E67: 0.106 | H67: =IF(F67="","",(F67-E67)/E67) | I67: =IF(Tolerancias!C10="","",Tolerancias!C10) | J67: =IF(OR(F67="",I67=""),"",IF(ABS(H67)*100<=I67,"OK","Revisar"))
A68: Caso B · Media · Vapor sobrecalentado | B68: Normal | C68: Mach en la salida de la válvula | E68: 0.159 | H68: =IF(F68="","",(F68-E68)/E68) | I68: =IF(Tolerancias!C10="","",Tolerancias!C10) | J68: =IF(OR(F68="",I68=""),"",IF(ABS(H68)*100<=I68,"OK","Revisar"))
A69: Caso B · Media · Vapor sobrecalentado | B69: Máximo | C69: Mach en la salida de la válvula | E69: 0.239 | H69: =IF(F69="","",(F69-E69)/E69) | I69: =IF(Tolerancias!C10="","",Tolerancias!C10) | J69: =IF(OR(F69="",I69=""),"",IF(ABS(H69)*100<=I69,"OK","Revisar"))
A70: Caso B · Media · Vapor sobrecalentado | B70: Mínimo | C70: Velocidad en la salida de la válvula | D70: m/s | E70: 65.2 | H70: =IF(F70="","",(F70-E70)/E70) | I70: =IF(Tolerancias!C11="","",Tolerancias!C11) | J70: =IF(OR(F70="",I70=""),"",IF(ABS(H70)*100<=I70,"OK","Revisar"))
A71: Caso B · Media · Vapor sobrecalentado | B71: Normal | C71: Velocidad en la salida de la válvula | D71: m/s | E71: 97.9 | H71: =IF(F71="","",(F71-E71)/E71) | I71: =IF(Tolerancias!C11="","",Tolerancias!C11) | J71: =IF(OR(F71="",I71=""),"",IF(ABS(H71)*100<=I71,"OK","Revisar"))
A72: Caso B · Media · Vapor sobrecalentado | B72: Máximo | C72: Velocidad en la salida de la válvula | D72: m/s | E72: 147 | H72: =IF(F72="","",(F72-E72)/E72) | I72: =IF(Tolerancias!C11="","",Tolerancias!C11) | J72: =IF(OR(F72="",I72=""),"",IF(ABS(H72)*100<=I72,"OK","Revisar"))
A73: Caso B · Media · Vapor sobrecalentado | B73: Mínimo | C73: Sobrecalentamiento a P2 | D73: °C | E73: 169 | H73: =IF(F73="","",F73-E73) | I73: =IF(Tolerancias!C12="","",Tolerancias!C12) | J73: =IF(OR(F73="",I73=""),"",IF(ABS(H73)<=I73,"OK","Revisar"))
A74: Caso B · Media · Vapor sobrecalentado | B74: Normal | C74: Sobrecalentamiento a P2 | D74: °C | E74: 170 | H74: =IF(F74="","",F74-E74) | I74: =IF(Tolerancias!C12="","",Tolerancias!C12) | J74: =IF(OR(F74="",I74=""),"",IF(ABS(H74)<=I74,"OK","Revisar"))
A75: Caso B · Media · Vapor sobrecalentado | B75: Máximo | C75: Sobrecalentamiento a P2 | D75: °C | E75: 171 | H75: =IF(F75="","",F75-E75) | I75: =IF(Tolerancias!C12="","",Tolerancias!C12) | J75: =IF(OR(F75="",I75=""),"",IF(ABS(H75)<=I75,"OK","Revisar"))
A76: Caso B · Media · Vapor sobrecalentado | B76: Mínimo | C76: Factor de recuperación combinado (FLp) | E76: 0.897 | H76: =IF(F76="","",(F76-E76)/E76) | I76: =IF(Tolerancias!C15="","",Tolerancias!C15) | J76: =IF(OR(F76="",I76=""),"",IF(ABS(H76)*100<=I76,"OK","Revisar"))
A77: Caso B · Media · Vapor sobrecalentado | B77: Normal | C77: Factor de recuperación combinado (FLp) | E77: 0.893 | H77: =IF(F77="","",(F77-E77)/E77) | I77: =IF(Tolerancias!C15="","",Tolerancias!C15) | J77: =IF(OR(F77="",I77=""),"",IF(ABS(H77)*100<=I77,"OK","Revisar"))
A78: Caso B · Media · Vapor sobrecalentado | B78: Máximo | C78: Factor de recuperación combinado (FLp) | E78: 0.883 | H78: =IF(F78="","",(F78-E78)/E78) | I78: =IF(Tolerancias!C15="","",Tolerancias!C15) | J78: =IF(OR(F78="",I78=""),"",IF(ABS(H78)*100<=I78,"OK","Revisar"))
A79: Caso B · Media · Vapor sobrecalentado | B79: Mínimo | C79: Densidad de entrada ρ1 | D79: kg/m³ | E79: 14.35 | H79: =IF(F79="","",(F79-E79)/E79) | I79: =IF(Tolerancias!C17="","",Tolerancias!C17) | J79: =IF(OR(F79="",I79=""),"",IF(ABS(H79)*100<=I79,"OK","Revisar"))
A80: Caso B · Media · Vapor sobrecalentado | B80: Normal | C80: Densidad de entrada ρ1 | D80: kg/m³ | E80: 13.98 | H80: =IF(F80="","",(F80-E80)/E80) | I80: =IF(Tolerancias!C17="","",Tolerancias!C17) | J80: =IF(OR(F80="",I80=""),"",IF(ABS(H80)*100<=I80,"OK","Revisar"))
A81: Caso B · Media · Vapor sobrecalentado | B81: Máximo | C81: Densidad de entrada ρ1 | D81: kg/m³ | E81: 13.62 | H81: =IF(F81="","",(F81-E81)/E81) | I81: =IF(Tolerancias!C17="","",Tolerancias!C17) | J81: =IF(OR(F81="",I81=""),"",IF(ABS(H81)*100<=I81,"OK","Revisar"))
A82: Caso B · Media · Vapor sobrecalentado | B82: Mínimo | C82: Densidad de salida ρ2 | D82: kg/m³ | E82: 7.15 | H82: =IF(F82="","",(F82-E82)/E82) | I82: =IF(Tolerancias!C18="","",Tolerancias!C18) | J82: =IF(OR(F82="",I82=""),"",IF(ABS(H82)*100<=I82,"OK","Revisar"))
A83: Caso B · Media · Vapor sobrecalentado | B83: Normal | C83: Densidad de salida ρ2 | D83: kg/m³ | E83: 7.14 | H83: =IF(F83="","",(F83-E83)/E83) | I83: =IF(Tolerancias!C18="","",Tolerancias!C18) | J83: =IF(OR(F83="",I83=""),"",IF(ABS(H83)*100<=I83,"OK","Revisar"))
A84: Caso B · Media · Vapor sobrecalentado | B84: Máximo | C84: Densidad de salida ρ2 | D84: kg/m³ | E84: 7.131 | H84: =IF(F84="","",(F84-E84)/E84) | I84: =IF(Tolerancias!C18="","",Tolerancias!C18) | J84: =IF(OR(F84="",I84=""),"",IF(ABS(H84)*100<=I84,"OK","Revisar"))
A85: Caso B · Media · Vapor sobrecalentado | B85: Mínimo | C85: Factor xT ajustado por accesorios (xTP) | E85: 0.751 | H85: =IF(F85="","",(F85-E85)/E85) | I85: =IF(Tolerancias!C19="","",Tolerancias!C19) | J85: =IF(OR(F85="",I85=""),"",IF(ABS(H85)*100<=I85,"OK","Revisar"))
A86: Caso B · Media · Vapor sobrecalentado | B86: Normal | C86: Factor xT ajustado por accesorios (xTP) | E86: 0.752 | H86: =IF(F86="","",(F86-E86)/E86) | I86: =IF(Tolerancias!C19="","",Tolerancias!C19) | J86: =IF(OR(F86="",I86=""),"",IF(ABS(H86)*100<=I86,"OK","Revisar"))
A87: Caso B · Media · Vapor sobrecalentado | B87: Máximo | C87: Factor xT ajustado por accesorios (xTP) | E87: 0.755 | H87: =IF(F87="","",(F87-E87)/E87) | I87: =IF(Tolerancias!C19="","",Tolerancias!C19) | J87: =IF(OR(F87="",I87=""),"",IF(ABS(H87)*100<=I87,"OK","Revisar"))
A88: Caso B · Media · Vapor sobrecalentado | B88: Mínimo | C88: Velocidad del fluido aguas abajo | D88: m/s | E88: 9.63 | H88: =IF(F88="","",(F88-E88)/E88) | I88: =IF(Tolerancias!C22="","",Tolerancias!C22) | J88: =IF(OR(F88="",I88=""),"",IF(ABS(H88)*100<=I88,"OK","Revisar"))
A89: Caso B · Media · Vapor sobrecalentado | B89: Normal | C89: Velocidad del fluido aguas abajo | D89: m/s | E89: 14.5 | H89: =IF(F89="","",(F89-E89)/E89) | I89: =IF(Tolerancias!C22="","",Tolerancias!C22) | J89: =IF(OR(F89="",I89=""),"",IF(ABS(H89)*100<=I89,"OK","Revisar"))
A90: Caso B · Media · Vapor sobrecalentado | B90: Máximo | C90: Velocidad del fluido aguas abajo | D90: m/s | E90: 21.7 | H90: =IF(F90="","",(F90-E90)/E90) | I90: =IF(Tolerancias!C22="","",Tolerancias!C22) | J90: =IF(OR(F90="",I90=""),"",IF(ABS(H90)*100<=I90,"OK","Revisar"))
A91: Caso B · Media · Vapor sobrecalentado | B91: Mínimo | C91: Número de Reynolds (Rev) | E91: 2280695 | H91: =IF(F91="","",(F91-E91)/E91) | I91: =IF(Tolerancias!C23="","",Tolerancias!C23) | J91: =IF(OR(F91="",I91=""),"",IF(ABS(H91)*100<=I91,"OK","Revisar"))
A92: Caso B · Media · Vapor sobrecalentado | B92: Normal | C92: Número de Reynolds (Rev) | E92: 2747222 | H92: =IF(F92="","",(F92-E92)/E92) | I92: =IF(Tolerancias!C23="","",Tolerancias!C23) | J92: =IF(OR(F92="",I92=""),"",IF(ABS(H92)*100<=I92,"OK","Revisar"))
A93: Caso B · Media · Vapor sobrecalentado | B93: Máximo | C93: Número de Reynolds (Rev) | E93: 3298059 | H93: =IF(F93="","",(F93-E93)/E93) | I93: =IF(Tolerancias!C23="","",Tolerancias!C23) | J93: =IF(OR(F93="",I93=""),"",IF(ABS(H93)*100<=I93,"OK","Revisar"))
A94: Caso C · Alta · Agua producida agria | B94: Mínimo | C94: Coeficiente de flujo (Cv) | E94: 6.028 | H94: =IF(F94="","",(F94-E94)/E94) | I94: =IF(Tolerancias!C2="","",Tolerancias!C2) | J94: =IF(OR(F94="",I94=""),"",IF(ABS(H94)*100<=I94,"OK","Revisar"))
A95: Caso C · Alta · Agua producida agria | B95: Normal | C95: Coeficiente de flujo (Cv) | E95: 13.83 | H95: =IF(F95="","",(F95-E95)/E95) | I95: =IF(Tolerancias!C2="","",Tolerancias!C2) | J95: =IF(OR(F95="",I95=""),"",IF(ABS(H95)*100<=I95,"OK","Revisar"))
A96: Caso C · Alta · Agua producida agria | B96: Máximo | C96: Coeficiente de flujo (Cv) | E96: 20.43 | H96: =IF(F96="","",(F96-E96)/E96) | I96: =IF(Tolerancias!C2="","",Tolerancias!C2) | J96: =IF(OR(F96="",I96=""),"",IF(ABS(H96)*100<=I96,"OK","Revisar"))
A97: Caso C · Alta · Agua producida agria | B97: Mínimo | C97: ΔP crítica de flujo estrangulado (ΔP choked) | D97: bar | E97: 62.71 | H97: =IF(F97="","",(F97-E97)/E97) | I97: =IF(Tolerancias!C4="","",Tolerancias!C4) | J97: =IF(OR(F97="",I97=""),"",IF(ABS(H97)*100<=I97,"OK","Revisar"))
A98: Caso C · Alta · Agua producida agria | B98: Normal | C98: ΔP crítica de flujo estrangulado (ΔP choked) | D98: bar | E98: 60.96 | H98: =IF(F98="","",(F98-E98)/E98) | I98: =IF(Tolerancias!C4="","",Tolerancias!C4) | J98: =IF(OR(F98="",I98=""),"",IF(ABS(H98)*100<=I98,"OK","Revisar"))
A99: Caso C · Alta · Agua producida agria | B99: Máximo | C99: ΔP crítica de flujo estrangulado (ΔP choked) | D99: bar | E99: 59.2 | H99: =IF(F99="","",(F99-E99)/E99) | I99: =IF(Tolerancias!C4="","",Tolerancias!C4) | J99: =IF(OR(F99="",I99=""),"",IF(ABS(H99)*100<=I99,"OK","Revisar"))
A100: Caso C · Alta · Agua producida agria | B100: Mínimo | C100: Factor de corrección por tuberías (Fp) | E100: 0.999 | H100: =IF(F100="","",(F100-E100)/E100) | I100: =IF(Tolerancias!C5="","",Tolerancias!C5) | J100: =IF(OR(F100="",I100=""),"",IF(ABS(H100)*100<=I100,"OK","Revisar"))
...

Sheet Tolerancias
A1: Clave | B1: Variable | C1: Tolerancia | D1: Unidad | E1: Comentario
A2: Cv | B2: Coeficiente de flujo Cv | C2: 2 | D2: % | E2: Con los mismos FL, xT, Fd y diámetros.
A3: Y | B3: Factor de expansión Y | C3: 1 | D3: % | E3: Gas, vapor y steam.
A4: dPchoked | B4: ΔP de flujo estrangulado | C4: 2 | D4: %
A5: FP | B5: Factor de tuberías Fp | C5: 1 | D5: % | E5: Con reductores la norma itera; hasta 1 % es normal.
A6: dP | B6: Presión diferencial | C6: 0.5 | D6: % | E6: Debe coincidir: es dato de entrada.
A7: apertura | B7: Apertura estimada | C7: 5 | D7: puntos | E7: Depende de la curva de cada fabricante; informativa.
A8: Lp | B8: Ruido LpA a 1 m (líquido) | C8: 3 | D8: dB | E8: IEC 60534-8-4; entre implementaciones 1 a 3 dB es normal.
A9: Lp_g | B9: Ruido LpA a 1 m (gas) | C9: 3 | D9: dB | E9: IEC 60534-8-3; verificar que el otro software use la misma norma.
A10: Ma_valvula | B10: Mach en la salida de la válvula | C10: 5 | D10: % | E10: Depende del área de salida considerada.
A11: v_valvula | B11: Velocidad en la salida de la válvula | C11: 5 | D11: %
A12: sobrecalentamiento2 | B12: Sobrecalentamiento a P2 | C12: 2 | D12: °C | E12: Steam (IAPWS-95).
A13: Kapp | B13: Coeficiente de cavitación Kapp | C13: 1 | D13: % | E13: Dato derivado de ΔP, P1 y Pv.
A14: xFzp1 | B14: Inicio de cavitación xFzp1 | C14: 5 | D14: % | E14: IEC 60534-8-4; muchos programas no lo informan.
A15: FLP | B15: Factor FLp | C15: 1 | D15: % | E15: Con reductores.
A16: dPcav | B16: ΔP de cavitación | C16: 3 | D16: % | E16: Depende de Kc o xFz.
A17: rho | B17: Densidad de entrada | C17: 1 | D17: % | E17: Propiedades del fluido.
A18: rho2 | B18: Densidad de salida | C18: 2 | D18: % | E18: Steam.
A19: xTP | B19: xTP | C19: 1 | D19: % | E19: Con reductores.
A20: v1 | B20: Velocidad aguas arriba (líquido) | C20: 3 | D20: %
A21: v2 | B21: Velocidad aguas abajo (líquido) | C21: 3 | D21: %
A22: v2_g | B22: Velocidad aguas abajo (gas) | C22: 3 | D22: %
A23: Rev | B23: Número de Reynolds | E23: Informativo: cada software usa una convención; no cambia el Cv si Rev > 10 000.

Sheet Materiales y empaques
A1: Caso | B1: Componente | C1: Recomendación N25 Valves Sizing | D1: Especificación de su empresa o del fabricante | E1: ¿Coincide? | F1: Observaciones
A2: Caso A · Baja · Agua de enfriamiento | B2: Cuerpo | C2: ASTM A216 WCB — acero al carbono fundido · 150 HB
A3: Caso A · Baja · Agua de enfriamiento | B3: Tapa / brida de eje | C3: ASTM A216 WCB — acero al carbono fundido · 150 HB
A4: Caso A · Baja · Agua de enfriamiento | B4: Anillo de asiento | C4: 17-4PH H900 (40–47 HRC) · 44 HRC (≈ 411 HB)
A5: Caso A · Baja · Agua de enfriamiento | B5: Cojinetes del eje | C5: 17-4PH H1150D (≤ 33 HRC, NACE) · 30 HRC (≈ 286 HB)
A6: Caso A · Baja · Agua de enfriamiento | B6: Bola / disco / obturador | C6: 17-4PH H1075 (≈ 33–38 HRC) · 35 HRC (≈ 327 HB)
A7: Caso A · Baja · Agua de enfriamiento | B7: Eje | C7: Inoxidable 316 / 316L (A479, A276) · 150 HB
A8: Caso A · Baja · Agua de enfriamiento | B8: Empaquetadura | C8: Anillos en V de PTFE, simple, con resorte
A9: Caso A · Baja · Agua de enfriamiento | B9: Tipo de bonete | C9: Estándar (prensaestopas del eje)
A10: Caso A · Baja · Agua de enfriamiento | B10: Emisión fugitiva | C10: estándar
A11: Caso A · Baja · Agua de enfriamiento | B11: Servicio agrio / norma | C11: No · No aplica
A12: Caso B · Media · Vapor sobrecalentado | B12: Cuerpo | C12: ASTM A217 WC6 — acero 1¼Cr-½Mo fundido · 170 HB
A13: Caso B · Media · Vapor sobrecalentado | B13: Bonete | C13: ASTM A217 WC6 — acero 1¼Cr-½Mo fundido · 170 HB
... A31: Caso C · Alta · Agua producida agria | B31: Servicio agrio / norma | C31: Sí · ISO 15156 / MR0175

Sheet Casos propios
A1: Caso / tag | B1: Fluido | C1: Condición | D1: Variable | E1: Unidad | F1: N25 Valves Sizing | G1: Software de referencia | H1: Nombre del software | I1: Diferencia % | J1: Archivo .valvula | K1: Observaciones
I2: =IF(OR(F2="",G2=""),"",(G2-F2)/F2)
I3: =IF(OR(F3="",G3=""),"",(G3-F3)/F3)
I4: =IF(OR(F4="",G4=""),"",(G4-F4)/F4)
I5: =IF(OR(F5="",G5=""),"",(G5-F5)/F5)
I6: =IF(OR(F6="",G6=""),"",(G6-F6)/F6)
I7: =IF(OR(F7="",G7=""),"",(G7-F7)/F7)
I8: =IF(OR(F8="",G8=""),"",(G8-F8)/F8)
I9: =IF(OR(F9="",G9=""),"",(G9-F9)/F9)
I10: =IF(OR(F10="",G10=""),"",(G10-F10)/F10)
I11: =IF(OR(F11="",G11=""),"",(G11-F11)/F11)
I12: =IF(OR(F12="",G12=""),"",(G12-F12)/F12)
I13: =IF(OR(F13="",G13=""),"",(G13-F13)/F13)
... I101: =IF(OR(F101="",G101=""),"",(G101-F101)/F101)

Sheet Hallazgos
A1: N° | B1: Fecha | C1: Tipo | D1: Pantalla o documento | E1: Descripción | F1: Cómo reproducirlo | G1: Gravedad | H1: Captura / archivo
A2: 1
A3: 2
A4: 3
A5: 4
A6: 5
A7: 6
A8: 7
A9: 8
A10: 9
A11: 10
A12: 11
A13: 12
... A51: 50
